;,",",=,[,],ID,CONSTNUM,int,bool,char,float,(,),main,print,"""",,CHARCONST,%d,%f,%c,scan,{,},if,else,while,foreach,in,for,return,break,+=,?=,++,??,or,and,not,<=,<,>,>=,==,!=,+,-,*,/,%,CONSTFLOAT,true,false,$,program,declaration-list,declaration,var-declaration,scoped-var-declaration,var-decl-list,var-decl-initialize,simple-expression-list,var-decl-id,scoped-type-specifier,type-specifier,fun-declaration,params,param-list,param-type-list,param-id-list,param-id,statement,print-stmt,scan-stmt,printf,message,var-in-message,scanf,var-in-scan,compound-stmt,local-declarations,statement-list,expression-stmt,selection-stmt,selection-stmt1,iteration-stmt,return-stmt,break-stmt,expression,simple-expression,and-expression,unary-rel-expression,rel-expression,relop,sum-expression,sumop,term,mulop,unary-expression,unaryop,factor,mutable,immutable,call,args,arg-list,constant,const,bool_value,
,,,,,s6,,s8,s9,s10,s11,,,s7,,,,,,,,,,,,,,,,,,,,,,,,,,,,,,,,,,,,,,,,,,1,2,3,,,,,,,5,4,,,,,,,,,,,,,,,,,,,,,,,,,,,,,,,,,,,,,,,,,,,,
,,,,,s6,,s8,s9,s10,s11,,,s7,,,,,,,,,,,,,,,,,,,,,,,,,,,,,,,,,,,,,,,,acc,,,12,3,,,,,,,5,4,,,,,,,,,,,,,,,,,,,,,,,,,,,,,,,,,,,,,,,,,,,,
,,,,,r2,,r2,r2,r2,r2,,,r2,,,,,,,,,,,,,,,,,,,,,,,,,,,,,,,,,,,,,,,,r2,,,,,,,,,,,,,,,,,,,,,,,,,,,,,,,,,,,,,,,,,,,,,,,,,,,,,,,,
,,,,,r3,,r3,r3,r3,r3,,,r3,,,,,,,,,,,,,,,,,,,,,,,,,,,,,,,,,,,,,,,,r3,,,,,,,,,,,,,,,,,,,,,,,,,,,,,,,,,,,,,,,,,,,,,,,,,,,,,,,,
,,,,,r4,,r4,r4,r4,r4,,,r4,,,,,,,,,,,,,,,,,,,,,,,,,,,,,,,,,,,,,,,,r4,,,,,,,,,,,,,,,,,,,,,,,,,,,,,,,,,,,,,,,,,,,,,,,,,,,,,,,,
,,,,,s14,,,,,,,,,,,,,,,,,,,,,,,,,,,,,,,,,,,,,,,,,,,,,,,,,,,,,,13,15,,16,,,,,,,,,,,,,,,,,,,,,,,,,,,,,,,,,,,,,,,,,,,,,,,
,,,,,,,,,,,s17,,,,,,,,,,,,,,,,,,,,,,,,,,,,,,,,,,,,,,,,,,,,,,,,,,,,,,,,,,,,,,,,,,,,,,,,,,,,,,,,,,,,,,,,,,,,,,,,,,
,,,,,,,,,,,s18,,,,,,,,,,,,,,,,,,,,,,,,,,,,,,,,,,,,,,,,,,,,,,,,,,,,,,,,,,,,,,,,,,,,,,,,,,,,,,,,,,,,,,,,,,,,,,,,,,
,,,,,r17,,,,,,,r17,,,,,,,,,,,,,,,,,,,,,,,,,,,,,,,,,,,,,,,,,,,,,,,,,,,,,,,,,,,,,,,,,,,,,,,,,,,,,,,,,,,,,,,,,,,,,,,,,
,,,,,r18,,,,,,,r18,,,,,,,,,,,,,,,,,,,,,,,,,,,,,,,,,,,,,,,,,,,,,,,,,,,,,,,,,,,,,,,,,,,,,,,,,,,,,,,,,,,,,,,,,,,,,,,,,
,,,,,r19,,,,,,,r19,,,,,,,,,,,,,,,,,,,,,,,,,,,,,,,,,,,,,,,,,,,,,,,,,,,,,,,,,,,,,,,,,,,,,,,,,,,,,,,,,,,,,,,,,,,,,,,,,
,,,,,r20,,,,,,,r20,,,,,,,,,,,,,,,,,,,,,,,,,,,,,,,,,,,,,,,,,,,,,,,,,,,,,,,,,,,,,,,,,,,,,,,,,,,,,,,,,,,,,,,,,,,,,,,,,
,,,,,r1,,r1,r1,r1,r1,,,r1,,,,,,,,,,,,,,,,,,,,,,,,,,,,,,,,,,,,,,,,r1,,,,,,,,,,,,,,,,,,,,,,,,,,,,,,,,,,,,,,,,,,,,,,,,,,,,,,,,
s19,s20,,,,,,,,,,,,,,,,,,,,,,,,,,,,,,,,,,,,,,,,,,,,,,,,,,,,,,,,,,,,,,,,,,,,,,,,,,,,,,,,,,,,,,,,,,,,,,,,,,,,,,,,,,,,
r14,r14,r14,s22,,,,,,,,s21,,,,,,,,,,,,,,,,,,,,,,,,,,,,,,,,,,,,,,,,,,,,,,,,,,,,,,,,,,,,,,,,,,,,,,,,,,,,,,,,,,,,,,,,,,,,,,,,,,
r8,r8,,,,,,,,,,,,,,,,,,,,,,,,,,,,,,,,,,,,,,,,,,,,,,,,,,,,,,,,,,,,,,,,,,,,,,,,,,,,,,,,,,,,,,,,,,,,,,,,,,,,,,,,,,,,
r9,r9,s23,,,,,,,,,,,,,,,,,,,,,,,,,,,,,,,,,,,,,,,,,,,,,,,,,,,,,,,,,,,,,,,,,,,,,,,,,,,,,,,,,,,,,,,,,,,,,,,,,,,,,,,,,,,
,,,,,,,s8,s9,s10,s11,,r25,,,,,,,,,,,,,,,,,,,,,,,,,,,,,,,,,,,,,,,,,,,,,,,,,,,,27,,24,25,26,,,,,,,,,,,,,,,,,,,,,,,,,,,,,,,,,,,,,,,,,
,,,,,,,s8,s9,s10,s11,,r25,,,,,,,,,,,,,,,,,,,,,,,,,,,,,,,,,,,,,,,,,,,,,,,,,,,,27,,28,25,26,,,,,,,,,,,,,,,,,,,,,,,,,,,,,,,,,,,,,,,,,
,,,,,r5,,r5,r5,r5,r5,,,r5,,,,,,,,,,,,,,,,,,,,,,,,,,,,,,,,,,,,,,,,r5,,,,,,,,,,,,,,,,,,,,,,,,,,,,,,,,,,,,,,,,,,,,,,,,,,,,,,,,
,,,,,s30,,,,,,,,,,,,,,,,,,,,,,,,,,,,,,,,,,,,,,,,,,,,,,,,,,,,,,,29,,16,,,,,,,,,,,,,,,,,,,,,,,,,,,,,,,,,,,,,,,,,,,,,,,
,,,,,,,s8,s9,s10,s11,,r25,,,,,,,,,,,,,,,,,,,,,,,,,,,,,,,,,,,,,,,,,,,,,,,,,,,,27,,31,25,26,,,,,,,,,,,,,,,,,,,,,,,,,,,,,,,,,,,,,,,,,
,,,,,,s32,,,,,,,,,,,,,,,,,,,,,,,,,,,,,,,,,,,,,,,,,,,,,,,,,,,,,,,,,,,,,,,,,,,,,,,,,,,,,,,,,,,,,,,,,,,,,,,,,,,,,,,
,,,s34,,s50,s52,,,,,s47,,,,,,s54,,,,,,,,,,,,,,,,,,,,,s37,,,,,,,,s44,,,,s53,s56,s57,,,,,,,,,,,,,,,,,,,,,,,,,,,,,,,,,,,,,33,35,36,38,,39,,40,,41,42,43,46,45,48,,,49,51,55,
,,,,,,,,,,,,s58,,,,,,,,,,,,,,,,,,,,,,,,,,,,,,,,,,,,,,,,,,,,,,,,,,,,,,,,,,,,,,,,,,,,,,,,,,,,,,,,,,,,,,,,,,,,,,,,,
s59,,,,,,,,,,,,r24,,,,,,,,,,,,,,,,,,,,,,,,,,,,,,,,,,,,,,,,,,,,,,,,,,,,,,,,,,,,,,,,,,,,,,,,,,,,,,,,,,,,,,,,,,,,,,,,,
r27,,,,,,,,,,,,r27,,,,,,,,,,,,,,,,,,,,,,,,,,,,,,,,,,,,,,,,,,,,,,,,,,,,,,,,,,,,,,,,,,,,,,,,,,,,,,,,,,,,,,,,,,,,,,,,,
,,,,,s62,,,,,,,,,,,,,,,,,,,,,,,,,,,,,,,,,,,,,,,,,,,,,,,,,,,,,,,,,,,,,,,,60,61,,,,,,,,,,,,,,,,,,,,,,,,,,,,,,,,,,,,,,,
,,,,,,,,,,,,s63,,,,,,,,,,,,,,,,,,,,,,,,,,,,,,,,,,,,,,,,,,,,,,,,,,,,,,,,,,,,,,,,,,,,,,,,,,,,,,,,,,,,,,,,,,,,,,,,,
r7,r7,,,,,,,,,,,,,,,,,,,,,,,,,,,,,,,,,,,,,,,,,,,,,,,,,,,,,,,,,,,,,,,,,,,,,,,,,,,,,,,,,,,,,,,,,,,,,,,,,,,,,,,,,,,,
r14,r14,r14,s22,,,,,,,,,,,,,,,,,,,,,,,,,,,,,,,,,,,,,,,,,,,,,,,,,,,,,,,,,,,,,,,,,,,,,,,,,,,,,,,,,,,,,,,,,,,,,,,,,,,,,,,,,,
,,,,,,,,,,,,s64,,,,,,,,,,,,,,,,,,,,,,,,,,,,,,,,,,,,,,,,,,,,,,,,,,,,,,,,,,,,,,,,,,,,,,,,,,,,,,,,,,,,,,,,,,,,,,,,,
,,,,s65,,,,,,,,,,,,,,,,,,,,,,,,,,,,,,,,,,,,,,,,,,,,,,,,,,,,,,,,,,,,,,,,,,,,,,,,,,,,,,,,,,,,,,,,,,,,,,,,,,,,,,,,,
r10,r10,,,,,,,,,,,,,,,,,,,,,,,,,,,,,,,,,,,s66,,,,,,,,,,,,,,,,,,,,,,,,,,,,,,,,,,,,,,,,,,,,,,,,,,,,,,,,,,,,,,,,,,,,,,,,,
,,,,,s50,s52,,,,,s47,,,,,,s54,,,,,,,,,,,,,,,,,,,,,s37,,,,,,,,s44,,,,s53,s56,s57,,,,,,,,,67,,,,,,,,,,,,,,,,,,,,,,,,,,,,68,35,36,38,,39,,40,,41,42,43,46,45,48,,,49,51,55,
r78,r78,,,r78,,,,,,,,r78,,,,,,,,,,,,,,,,,,,,,,,,r78,s69,,,,,,,,,,,,,,,,,,,,,,,,,,,,,,,,,,,,,,,,,,,,,,,,,,,,,,,,,,,,,,,,,,,,,,,,
r80,r80,,,r80,,,,,,,,r80,,,,,,,,,,,,,,,,,,,,,,,,r80,r80,,,,,,,,,,,,,,,,,,,,,,,,,,,,,,,,,,,,,,,,,,,,,,,,,,,,,,,,,,,,,,,,,,,,,,,,
,,,,,s50,s52,,,,,s47,,,,,,s54,,,,,,,,,,,,,,,,,,,,,s37,,,,,,,,s44,,,,s53,s56,s57,,,,,,,,,,,,,,,,,,,,,,,,,,,,,,,,,,,,,,,70,38,,39,,40,,41,42,43,46,45,48,,,49,51,55,
r82,r82,,,r82,,,,,,,,r82,,,,,,,,,,,,,,,,,,,,,,,,r82,r82,,,,,,,,,,,,,,,,,,,,,,,,,,,,,,,,,,,,,,,,,,,,,,,,,,,,,,,,,,,,,,,,,,,,,,,,
r84,r84,,,r84,,,,,,,,r84,,,,,,,,,,,,,,,,,,,,,,,,r84,r84,,s73,s74,s75,s76,s77,s78,s79,s80,,,,,,,,,,,,,,,,,,,,,,,,,,,,,,,,,,,,,,,,,,,,,,,71,,72,,,,,,,,,,,,,,
r92,r92,,,r92,,,,,,,,r92,,,,,,,,,,,,,,,,,,,,,,,,r92,r92,,r92,r92,r92,r92,r92,r92,r92,r92,s82,s83,s84,,,,,,,,,,,,,,,,,,,,,,,,,,,,,,,,,,,,,,,,,,,,,,,,81,,,,,,,,,,,,
r96,r96,,,r96,,,,,,,,r96,,,,,,,,,,,,,,,,,,,,,,,,r96,r96,,r96,r96,r96,r96,r96,r96,r96,r96,r96,r96,r96,,,,,,,,,,,,,,,,,,,,,,,,,,,,,,,,,,,,,,,,,,,,,,,,,,,,,,,,,,,,
,,,,,s50,s52,,,,,s47,,,,,,s54,,,,,,,,,,,,,,,,,,,,,,,,,,,,,s44,,,,s53,s56,s57,,,,,,,,,,,,,,,,,,,,,,,,,,,,,,,,,,,,,,,,,,,,,,85,42,43,46,45,48,,,49,51,55,
r101,r101,,,r101,,,,,,,,r101,,,,,,,,,,,,,,,,,,,,,,,,r101,r101,,r101,r101,r101,r101,r101,r101,r101,r101,r101,r101,r101,,,,,,,,,,,,,,,,,,,,,,,,,,,,,,,,,,,,,,,,,,,,,,,,,,,,,,,,,,,,
,,,,,r102,r102,,,,,r102,,,,,,r102,,,,,,,,,,,,,,,,,,,,,,,,,,,,,r102,,,,r102,r102,r102,,,,,,,,,,,,,,,,,,,,,,,,,,,,,,,,,,,,,,,,,,,,,,,,,,,,,,,,,
r103,r103,,,r103,,,,,,,,r103,,,,,,,,,,,,,,,,,,,,,,,,r103,r103,,r103,r103,r103,r103,r103,r103,r103,r103,r103,r103,r103,,,,,,,,,,,,,,,,,,,,,,,,,,,,,,,,,,,,,,,,,,,,,,,,,,,,,,,,,,,,
r104,r104,,,r104,,,,,,,,r104,,,,,,,,,,,,,,,,,,,,,,,,r104,r104,,r104,r104,r104,r104,r104,r104,r104,r104,r104,r104,r104,,,,,,,,,,,,,,,,,,,,,,,,,,,,,,,,,,,,,,,,,,,,,,,,,,,,,,,,,,,,
,,,,,s50,s52,s8,s9,s10,s11,s47,,,,,,s54,,,,,,,,,,,,,,,,,,,,,s37,,,,,,,,s44,,,,s53,s56,s57,,,,,,,,,,,,87,,,,,,,,,,,,,,,,,,,,,,,,86,89,35,36,38,,39,,40,,41,42,43,88,45,48,,,49,51,55,
r109,r109,,,r109,,,,,,,,r109,,,,,,,,,,,,,,,,,,,,,,,,r109,r109,,r109,r109,r109,r109,r109,r109,r109,r109,r109,r109,r109,,,,,,,,,,,,,,,,,,,,,,,,,,,,,,,,,,,,,,,,,,,,,,,,,,,,,,,,,,,,
r110,r110,,,r110,,,,,,,,r110,,,,,,,,,,,,,,,,,,,,,,,,r110,r110,,r110,r110,r110,r110,r110,r110,r110,r110,r110,r110,r110,,,,,,,,,,,,,,,,,,,,,,,,,,,,,,,,,,,,,,,,,,,,,,,,,,,,,,,,,,,,
r106,r106,r106,s90,r106,,,,,,,s91,r106,,,,,,,,,,,,,,,,r106,,,,r106,r106,r106,r106,r106,r106,,r106,r106,r106,r106,r106,r106,r106,r106,r106,r106,r106,,,,,,,,,,,,,,,,,,,,,,,,,,,,,,,,,,,,,,,,,,,,,,,,,,,,,,,,,,,,
r116,r116,,,r116,,,,,,,,r116,,,,,,,,,,,,,,,,,,,,,,,,r116,r116,,r116,r116,r116,r116,r116,r116,r116,r116,r116,r116,r116,,,,,,,,,,,,,,,,,,,,,,,,,,,,,,,,,,,,,,,,,,,,,,,,,,,,,,,,,,,,
r117,r117,,,r117,,,,,,,,r117,,,,,,,,,,,,,,,,,,,,,,,,r117,r117,,r117,r117,r117,r117,r117,r117,r117,r117,r117,r117,r117,,,,,,,,,,,,,,,,,,,,,,,,,,,,,,,,,,,,,,,,,,,,,,,,,,,,,,,,,,,,
r118,r118,,,r118,,,,,,,,r118,,,,,,,,,,,,,,,,,,,,,,,,r118,r118,,r118,r118,r118,r118,r118,r118,r118,r118,r118,r118,r118,,,,,,,,,,,,,,,,,,,,,,,,,,,,,,,,,,,,,,,,,,,,,,,,,,,,,,,,,,,,
r119,r119,,,r119,,,,,,,,r119,,,,,,,,,,,,,,,,,,,,,,,,r119,r119,,r119,r119,r119,r119,r119,r119,r119,r119,r119,r119,r119,,,,,,,,,,,,,,,,,,,,,,,,,,,,,,,,,,,,,,,,,,,,,,,,,,,,,,,,,,,,
r120,r120,,,r120,,,,,,,,r120,,,,,,,,,,,,,,,,,,,,,,,,r120,r120,,r120,r120,r120,r120,r120,r120,r120,r120,r120,r120,r120,,,,,,,,,,,,,,,,,,,,,,,,,,,,,,,,,,,,,,,,,,,,,,,,,,,,,,,,,,,,
r121,r121,,,r121,,,,,,,,r121,,,,,,,,,,,,,,,,,,,,,,,,r121,r121,,r121,r121,r121,r121,r121,r121,r121,r121,r121,r121,r121,,,,,,,,,,,,,,,,,,,,,,,,,,,,,,,,,,,,,,,,,,,,,,,,,,,,,,,,,,,,
r122,r122,,,r122,,,,,,,,r122,,,,,,,,,,,,,,,,,,,,,,,,r122,r122,,r122,r122,r122,r122,r122,r122,r122,r122,r122,r122,r122,,,,,,,,,,,,,,,,,,,,,,,,,,,,,,,,,,,,,,,,,,,,,,,,,,,,,,,,,,,,
s102,,,,,s50,s52,,,,,s47,,,s112,,,s54,,,,s113,s103,,s104,,s105,s106,,s107,s108,s109,,,,,,,s37,,,,,,,,s44,,,,s53,s56,s57,,,,,,,,,,,,,,,,,,,92,99,100,110,,,111,,94,,,93,95,,96,97,98,101,89,35,36,38,,39,,40,,41,42,43,88,45,48,,,49,51,55,
,,,,,,,s8,s9,s10,s11,,,,,,,,,,,,,,,,,,,,,,,,,,,,,,,,,,,,,,,,,,,,,,,,,,,,,,27,,,,114,,,,,,,,,,,,,,,,,,,,,,,,,,,,,,,,,,,,,,,,,
r28,s115,,,,,,,,,,,r28,,,,,,,,,,,,,,,,,,,,,,,,,,,,,,,,,,,,,,,,,,,,,,,,,,,,,,,,,,,,,,,,,,,,,,,,,,,,,,,,,,,,,,,,,,,,,,,,,
r30,r30,,,,,,,,,,,r30,,,,,,,,,,,,,,,,,,,,,,,,,,,,,,,,,,,,,,,,,,,,,,,,,,,,,,,,,,,,,,,,,,,,,,,,,,,,,,,,,,,,,,,,,,,,,,,,,
r31,r31,,s116,,,,,,,,,r31,,,,,,,,,,,,,,,,,,,,,,,,,,,,,,,,,,,,,,,,,,,,,,,,,,,,,,,,,,,,,,,,,,,,,,,,,,,,,,,,,,,,,,,,,,,,,,,,,
s102,,,,,s50,s52,,,,,s47,,,s112,,,s54,,,,s113,s103,,s104,,s105,s106,,s107,s108,s109,,,,,,,s37,,,,,,,,s44,,,,s53,s56,s57,,,,,,,,,,,,,,,,,,,117,99,100,110,,,111,,94,,,93,95,,96,97,98,101,89,35,36,38,,39,,40,,41,42,43,88,45,48,,,49,51,55,
s102,,,,,s50,s52,,,,,s47,,,s112,,,s54,,,,s113,s103,,s104,,s105,s106,,s107,s108,s109,,,,,,,s37,,,,,,,,s44,,,,s53,s56,s57,,,,,,,,,,,,,,,,,,,118,99,100,110,,,111,,94,,,93,95,,96,97,98,101,89,35,36,38,,39,,40,,41,42,43,88,45,48,,,49,51,55,
r15,r15,r15,,,,,,,,,,,,,,,,,,,,,,,,,,,,,,,,,,,,,,,,,,,,,,,,,,,,,,,,,,,,,,,,,,,,,,,,,,,,,,,,,,,,,,,,,,,,,,,,,,,,,,,,,,,
,,,,,s50,s52,,,,,s47,,,,,,s54,,,,,,,,,,,,,,,,,,,,,s37,,,,,,,,s44,,,,s53,s56,s57,,,,,,,,,,,,,,,,,,,,,,,,,,,,,,,,,,,,,,119,36,38,,39,,40,,41,42,43,46,45,48,,,49,51,55,
,s121,,,s120,,,,,,,,,,,,,,,,,,,,,,,,,,,,,,,,,,,,,,,,,,,,,,,,,,,,,,,,,,,,,,,,,,,,,,,,,,,,,,,,,,,,,,,,,,,,,,,,,,,,,,,,,
,r13,,,r13,,,,,,,,,,,,,,,,,,,,,,,,,,,,,,,,s66,,,,,,,,,,,,,,,,,,,,,,,,,,,,,,,,,,,,,,,,,,,,,,,,,,,,,,,,,,,,,,,,,,,,,,,,,
,,,,,s50,s52,,,,,s47,,,,,,s54,,,,,,,,,,,,,,,,,,,,,s37,,,,,,,,s44,,,,s53,s56,s57,,,,,,,,,,,,,,,,,,,,,,,,,,,,,,,,,,,,,,,122,38,,39,,40,,41,42,43,46,45,48,,,49,51,55,
r81,r81,,,r81,,,,,,,,r81,,,,,,,,,,,,,,,,,,,,,,,,r81,r81,,,,,,,,,,,,,,,,,,,,,,,,,,,,,,,,,,,,,,,,,,,,,,,,,,,,,,,,,,,,,,,,,,,,,,,,
,,,,,s50,s52,,,,,s47,,,,,,s54,,,,,,,,,,,,,,,,,,,,,,,,,,,,,s44,,,,s53,s56,s57,,,,,,,,,,,,,,,,,,,,,,,,,,,,,,,,,,,,,,,,,,123,,40,,41,42,43,46,45,48,,,49,51,55,
,,,,,s50,s52,,,,,s47,,,,,,s54,,,,,,,,,,,,,,,,,,,,,,,,,,,,,s44,,,,s53,s56,s57,,,,,,,,,,,,,,,,,,,,,,,,,,,,,,,,,,,,,,,,,,,,124,,41,42,43,46,45,48,,,49,51,55,
,,,,,r85,r85,,,,,r85,,,,,,r85,,,,,,,,,,,,,,,,,,,,,,,,,,,,,r85,,,,r85,r85,r85,,,,,,,,,,,,,,,,,,,,,,,,,,,,,,,,,,,,,,,,,,,,,,,,,,,,,,,,,
,,,,,r86,r86,,,,,r86,,,,,,r86,,,,,,,,,,,,,,,,,,,,,,,,,,,,,r86,,,,r86,r86,r86,,,,,,,,,,,,,,,,,,,,,,,,,,,,,,,,,,,,,,,,,,,,,,,,,,,,,,,,,
,,,,,r87,r87,,,,,r87,,,,,,r87,,,,,,,,,,,,,,,,,,,,,,,,,,,,,r87,,,,r87,r87,r87,,,,,,,,,,,,,,,,,,,,,,,,,,,,,,,,,,,,,,,,,,,,,,,,,,,,,,,,,
,,,,,r88,r88,,,,,r88,,,,,,r88,,,,,,,,,,,,,,,,,,,,,,,,,,,,,r88,,,,r88,r88,r88,,,,,,,,,,,,,,,,,,,,,,,,,,,,,,,,,,,,,,,,,,,,,,,,,,,,,,,,,
,,,,,r89,r89,,,,,r89,,,,,,r89,,,,,,,,,,,,,,,,,,,,,,,,,,,,,r89,,,,r89,r89,r89,,,,,,,,,,,,,,,,,,,,,,,,,,,,,,,,,,,,,,,,,,,,,,,,,,,,,,,,,
,,,,,r90,r90,,,,,r90,,,,,,r90,,,,,,,,,,,,,,,,,,,,,,,,,,,,,r90,,,,r90,r90,r90,,,,,,,,,,,,,,,,,,,,,,,,,,,,,,,,,,,,,,,,,,,,,,,,,,,,,,,,,
,,,,,r93,r93,,,,,r93,,,,,,r93,,,,,,,,,,,,,,,,,,,,,,,,,,,,,r93,,,,r93,r93,r93,,,,,,,,,,,,,,,,,,,,,,,,,,,,,,,,,,,,,,,,,,,,,,,,,,,,,,,,,
,,,,,r94,r94,,,,,r94,,,,,,r94,,,,,,,,,,,,,,,,,,,,,,,,,,,,,r94,,,,r94,r94,r94,,,,,,,,,,,,,,,,,,,,,,,,,,,,,,,,,,,,,,,,,,,,,,,,,,,,,,,,,
,,,,,s50,s52,,,,,s47,,,,,,s54,,,,,,,,,,,,,,,,,,,,,,,,,,,,,s44,,,,s53,s56,s57,,,,,,,,,,,,,,,,,,,,,,,,,,,,,,,,,,,,,,,,,,,,,,125,42,43,46,45,48,,,49,51,55,
,,,,,r97,r97,,,,,r97,,,,,,r97,,,,,,,,,,,,,,,,,,,,,,,,,,,,,r97,,,,r97,r97,r97,,,,,,,,,,,,,,,,,,,,,,,,,,,,,,,,,,,,,,,,,,,,,,,,,,,,,,,,,
,,,,,r98,r98,,,,,r98,,,,,,r98,,,,,,,,,,,,,,,,,,,,,,,,,,,,,r98,,,,r98,r98,r98,,,,,,,,,,,,,,,,,,,,,,,,,,,,,,,,,,,,,,,,,,,,,,,,,,,,,,,,,
,,,,,r99,r99,,,,,r99,,,,,,r99,,,,,,,,,,,,,,,,,,,,,,,,,,,,,r99,,,,r99,r99,r99,,,,,,,,,,,,,,,,,,,,,,,,,,,,,,,,,,,,,,,,,,,,,,,,,,,,,,,,,
r100,r100,,,r100,,,,,,,,r100,,,,,,,,,,,,,,,,,,,,,,,,r100,r100,,r100,r100,r100,r100,r100,r100,r100,r100,r100,r100,r100,,,,,,,,,,,,,,,,,,,,,,,,,,,,,,,,,,,,,,,,,,,,,,,,,,,,,,,,,,,,
,,,,,,,,,,,,s126,,,,,,,,,,,,,,,,,,,,,,,,,,,,,,,,,,,,,,,,,,,,,,,,,,,,,,,,,,,,,,,,,,,,,,,,,,,,,,,,,,,,,,,,,,,,,,,,,
,,,,,,,,,,,,s127,,,,,,,,,,,,,,,,,,,,,,,,,,,,,,,,,,,,,,,,,,,,,,,,,,,,,,,,,,,,,,,,,,,,,,,,,,,,,,,,,,,,,,,,,,,,,,,,,
r104,r104,s128,,r104,,,,,,,,r104,,,,,,,,,,,,,,,,,,,,s129,s130,s131,s132,r104,r104,,r104,r104,r104,r104,r104,r104,r104,r104,r104,r104,r104,,,,,,,,,,,,,,,,,,,,,,,,,,,,,,,,,,,,,,,,,,,,,,,,,,,,,,,,,,,,
r76,r76,,,r76,,,,,,,,r76,,,,,,,,,,,,,,,,,,,,,,,,s66,,,,,,,,,,,,,,,,,,,,,,,,,,,,,,,,,,,,,,,,,,,,,,,,,,,,,,,,,,,,,,,,,,,,,,,,,
,,,,,s50,s52,,,,,s47,,,,,,s54,,,,,,,,,,,,,,,,,,,,,s37,,,,,,,,s44,,,,s53,s56,s57,,,,,,,,,,,,,,,,,,,,,,,,,,,,,,,,,,,,133,89,35,36,38,,39,,40,,41,42,43,88,45,48,,,49,51,55,
,,,,,s50,s52,,,,,s47,r113,,,,,s54,,,,,,,,,,,,,,,,,,,,,s37,,,,,,,,s44,,,,s53,s56,s57,,,,,,,,,,,,,,,,,,,,,,,,,,,,,,,,,,,,136,89,35,36,38,,39,,40,,41,42,43,88,45,48,134,135,49,51,55,
,,,,,r22,,r22,r22,r22,r22,,,r22,,,,,,,,,,,,,,,,,,,,,,,,,,,,,,,,,,,,,,,,r22,,,,,,,,,,,,,,,,,,,,,,,,,,,,,,,,,,,,,,,,,,,,,,,,,,,,,,,,
r33,,,,,r33,r33,r33,r33,r33,r33,r33,,r33,r33,,,r33,,,,r33,r33,r33,r33,r33,r33,r33,,r33,r33,r33,,,,,,,r33,,,,,,,,r33,,,,r33,r33,r33,r33,,,,,,,,,,,,,,,,,,,,,,,,,,,,,,,,,,,,,,,,,,,,,,,,,,,,,,,,
r34,,,,,r34,r34,r34,r34,r34,r34,r34,,r34,r34,,,r34,,,,r34,r34,r34,r34,r34,r34,r34,,r34,r34,r34,,,,,,,r34,,,,,,,,r34,,,,r34,r34,r34,r34,,,,,,,,,,,,,,,,,,,,,,,,,,,,,,,,,,,,,,,,,,,,,,,,,,,,,,,,
r35,,,,,r35,r35,r35,r35,r35,r35,r35,,r35,r35,,,r35,,,,r35,r35,r35,r35,r35,r35,r35,,r35,r35,r35,,,,,,,r35,,,,,,,,r35,,,,r35,r35,r35,r35,,,,,,,,,,,,,,,,,,,,,,,,,,,,,,,,,,,,,,,,,,,,,,,,,,,,,,,,
r36,,,,,r36,r36,r36,r36,r36,r36,r36,,r36,r36,,,r36,,,,r36,r36,r36,r36,r36,r36,r36,,r36,r36,r36,,,,,,,r36,,,,,,,,r36,,,,r36,r36,r36,r36,,,,,,,,,,,,,,,,,,,,,,,,,,,,,,,,,,,,,,,,,,,,,,,,,,,,,,,,
r37,,,,,r37,r37,r37,r37,r37,r37,r37,,r37,r37,,,r37,,,,r37,r37,r37,r37,r37,r37,r37,,r37,r37,r37,,,,,,,r37,,,,,,,,r37,,,,r37,r37,r37,r37,,,,,,,,,,,,,,,,,,,,,,,,,,,,,,,,,,,,,,,,,,,,,,,,,,,,,,,,
r38,,,,,r38,r38,r38,r38,r38,r38,r38,,r38,r38,,,r38,,,,r38,r38,r38,r38,r38,r38,r38,,r38,r38,r38,,,,,,,r38,,,,,,,,r38,,,,r38,r38,r38,r38,,,,,,,,,,,,,,,,,,,,,,,,,,,,,,,,,,,,,,,,,,,,,,,,,,,,,,,,
r39,,,,,r39,r39,r39,r39,r39,r39,r39,,r39,r39,,,r39,,,,r39,r39,r39,r39,r39,r39,r39,,r39,r39,r39,,,,,,,r39,,,,,,,,r39,,,,r39,r39,r39,r39,,,,,,,,,,,,,,,,,,,,,,,,,,,,,,,,,,,,,,,,,,,,,,,,,,,,,,,,
r40,,,,,r40,r40,r40,r40,r40,r40,r40,,r40,r40,,,r40,,,,r40,r40,r40,r40,r40,r40,r40,,r40,r40,r40,,,,,,,r40,,,,,,,,r40,,,,r40,r40,r40,r40,,,,,,,,,,,,,,,,,,,,,,,,,,,,,,,,,,,,,,,,,,,,,,,,,,,,,,,,
s137,,,,,,,,,,,,,,,,,,,,,,,,,,,,,,,,,,,,,,,,,,,,,,,,,,,,,,,,,,,,,,,,,,,,,,,,,,,,,,,,,,,,,,,,,,,,,,,,,,,,,,,,,,,,,
r61,,,,,r61,r61,r61,r61,r61,r61,r61,,r61,r61,,,r61,,,,r61,r61,r61,r61,r61,r61,r61,,r61,r61,r61,,,,,,,r61,,,,,,,,r61,,,,r61,r61,r61,r61,,,,,,,,,,,,,,,,,,,,,,,,,,,,,,,,,,,,,,,,,,,,,,,,,,,,,,,,
r57,,,,,r57,r57,r57,r57,r57,r57,r57,,r57,r57,,,r57,,,,r57,r57,r57,r57,r57,r57,r57,,r57,r57,r57,,,,,,,r57,,,,,,,,r57,,,,r57,r57,r57,r57,,,,,,,,,,,,,,,,,,,,,,,,,,,138,,,,,,,,,,,,,,,,,,,,,,,,,,,,,
,,,,,,,,,,,s139,,,,,,,,,,,,,,,,,,,,,,,,,,,,,,,,,,,,,,,,,,,,,,,,,,,,,,,,,,,,,,,,,,,,,,,,,,,,,,,,,,,,,,,,,,,,,,,,,,
,,,,,,,,,,,s140,,,,,,,,,,,,,,,,,,,,,,,,,,,,,,,,,,,,,,,,,,,,,,,,,,,,,,,,,,,,,,,,,,,,,,,,,,,,,,,,,,,,,,,,,,,,,,,,,,
,,,,,,,,,,,s141,,,,,,,,,,,,,,,,,,,,,,,,,,,,,,,,,,,,,,,,,,,,,,,,,,,,,,,,,,,,,,,,,,,,,,,,,,,,,,,,,,,,,,,,,,,,,,,,,,
,,,,,,,,,,,s142,,,,,,,,,,,,,,,,,,,,,,,,,,,,,,,,,,,,,,,,,,,,,,,,,,,,,,,,,,,,,,,,,,,,,,,,,,,,,,,,,,,,,,,,,,,,,,,,,,
s143,,,,,s50,s52,,,,,s47,,,,,,s54,,,,,,,,,,,,,,,,,,,,,s37,,,,,,,,s44,,,,s53,s56,s57,,,,,,,,,,,,,,,,,,,,,,,,,,,,,,,,,,,,144,89,35,36,38,,39,,40,,41,42,43,88,45,48,,,49,51,55,
s145,,,,,,,,,,,,,,,,,,,,,,,,,,,,,,,,,,,,,,,,,,,,,,,,,,,,,,,,,,,,,,,,,,,,,,,,,,,,,,,,,,,,,,,,,,,,,,,,,,,,,,,,,,,,,
r41,,,,,r41,r41,r41,r41,r41,r41,r41,,r41,r41,,,r41,,,,r41,r41,r41,r41,r41,r41,r41,,r41,r41,r41,,,,,,,r41,,,,,,,,r41,,,,r41,r41,r41,r41,,,,,,,,,,,,,,,,,,,,,,,,,,,,,,,,,,,,,,,,,,,,,,,,,,,,,,,,
r42,,,,,r42,r42,r42,r42,r42,r42,r42,,r42,r42,,,r42,,,,r42,r42,r42,r42,r42,r42,r42,,r42,r42,r42,,,,,,,r42,,,,,,,,r42,,,,r42,r42,r42,r42,,,,,,,,,,,,,,,,,,,,,,,,,,,,,,,,,,,,,,,,,,,,,,,,,,,,,,,,
,,,,,,,,,,,,,,,s146,,,,,,,,,,,,,,,,,,,,,,,,,,,,,,,,,,,,,,,,,,,,,,,,,,,,,,,,,,,,,,,,,,,,,,,,,,,,,,,,,,,,,,,,,,,,,,
,,,,,,,,,,,,,,,s147,,,,,,,,,,,,,,,,,,,,,,,,,,,,,,,,,,,,,,,,,,,,,,,,,,,,,,,,,,,,,,,,,,,,,,,,,,,,,,,,,,,,,,,,,,,,,,
r26,,,,,,,,,,,,r26,,,,,,,,,,,,,,,,,,,,,,,,,,,,,,,,,,,,,,,,,,,,,,,,,,,,,,,,,,,,,,,,,,,,,,,,,,,,,,,,,,,,,,,,,,,,,,,,,
,,,,,s62,,,,,,,,,,,,,,,,,,,,,,,,,,,,,,,,,,,,,,,,,,,,,,,,,,,,,,,,,,,,,,,,,148,,,,,,,,,,,,,,,,,,,,,,,,,,,,,,,,,,,,,,,
,,,,s149,,,,,,,,,,,,,,,,,,,,,,,,,,,,,,,,,,,,,,,,,,,,,,,,,,,,,,,,,,,,,,,,,,,,,,,,,,,,,,,,,,,,,,,,,,,,,,,,,,,,,,,,,
,,,,,r23,,r23,r23,r23,r23,,,r23,,,,,,,,,,,,,,,,,,,,,,,,,,,,,,,,,,,,,,,,r23,,,,,,,,,,,,,,,,,,,,,,,,,,,,,,,,,,,,,,,,,,,,,,,,,,,,,,,,
,,,,,r21,,r21,r21,r21,r21,,,r21,,,,,,,,,,,,,,,,,,,,,,,,,,,,,,,,,,,,,,,,r21,,,,,,,,,,,,,,,,,,,,,,,,,,,,,,,,,,,,,,,,,,,,,,,,,,,,,,,,
r77,r77,,,r77,,,,,,,,r77,,,,,,,,,,,,,,,,,,,,,,,,r77,s69,,,,,,,,,,,,,,,,,,,,,,,,,,,,,,,,,,,,,,,,,,,,,,,,,,,,,,,,,,,,,,,,,,,,,,,,
r11,r11,,,,,,,,,,,,,,,,,,,,,,,,,,,,,,,,,,,,,,,,,,,,,,,,,,,,,,,,,,,,,,,,,,,,,,,,,,,,,,,,,,,,,,,,,,,,,,,,,,,,,,,,,,,,
,,,,,s50,s52,,,,,s47,,,,,,s54,,,,,,,,,,,,,,,,,,,,,s37,,,,,,,,s44,,,,s53,s56,s57,,,,,,,,,,,,,,,,,,,,,,,,,,,,,,,,,,,,,150,35,36,38,,39,,40,,41,42,43,46,45,48,,,49,51,55,
r79,r79,,,r79,,,,,,,,r79,,,,,,,,,,,,,,,,,,,,,,,,r79,r79,,,,,,,,,,,,,,,,,,,,,,,,,,,,,,,,,,,,,,,,,,,,,,,,,,,,,,,,,,,,,,,,,,,,,,,,
r83,r83,,,r83,,,,,,,,r83,,,,,,,,,,,,,,,,,,,,,,,,r83,r83,,,,,,,,s79,s80,,,,,,,,,,,,,,,,,,,,,,,,,,,,,,,,,,,,,,,,,,,,,,,,,72,,,,,,,,,,,,,,
r91,r91,,,r91,,,,,,,,r91,,,,,,,,,,,,,,,,,,,,,,,,r91,r91,,r91,r91,r91,r91,r91,r91,r91,r91,s82,s83,s84,,,,,,,,,,,,,,,,,,,,,,,,,,,,,,,,,,,,,,,,,,,,,,,,81,,,,,,,,,,,,
r95,r95,,,r95,,,,,,,,r95,,,,,,,,,,,,,,,,,,,,,,,,r95,r95,,r95,r95,r95,r95,r95,r95,r95,r95,r95,r95,r95,,,,,,,,,,,,,,,,,,,,,,,,,,,,,,,,,,,,,,,,,,,,,,,,,,,,,,,,,,,,
r108,r108,,,r108,,,,,,,,r108,,,,,,,,,,,,,,,,,,,,,,,,r108,r108,,r108,r108,r108,r108,r108,r108,r108,r108,r108,r108,r108,,,,,,,,,,,,,,,,,,,,,,,,,,,,,,,,,,,,,,,,,,,,,,,,,,,,,,,,,,,,
,,,,,s151,,,,,,,,,,,,,,,,,,,,,,,,,,,,,,,,,,,,,,,,,,,,,,,,,,,,,,,,,,,,,,,,,,,,,,,,,,,,,,,,,,,,,,,,,,,,,,,,,,,,,,,,
,,,,,s50,s52,,,,,s47,,,,,,s54,,,,,,,,,,,,,,,,,,,,,s37,,,,,,,,s44,,,,s53,s56,s57,,,,,,,,,,,,,,,,,,,,,,,,,,,,,,,,,,,,152,89,35,36,38,,39,,40,,41,42,43,88,45,48,,,49,51,55,
,,,,,s50,s52,,,,,s47,,,,,,s54,,,,,,,,,,,,,,,,,,,,,s37,,,,,,,,s44,,,,s53,s56,s57,,,,,,,,,,,,,,,,,,,,,,,,,,,,,,,,,,,,153,89,35,36,38,,39,,40,,41,42,43,88,45,48,,,49,51,55,
,,,,,s50,s52,,,,,s47,,,,,,s54,,,,,,,,,,,,,,,,,,,,,s37,,,,,,,,s44,,,,s53,s56,s57,,,,,,,,,,,,,,,,,,,,,,,,,,,,,,,,,,,,154,89,35,36,38,,39,,40,,41,42,43,88,45,48,,,49,51,55,
r74,r74,,,r74,,,,,,,,r74,,,,,,,,,,,,,,,,,,,,,,,,,,,,,,,,,,,,,,,,,,,,,,,,,,,,,,,,,,,,,,,,,,,,,,,,,,,,,,,,,,,,,,,,,,,,,,,,,
r75,r75,,,r75,,,,,,,,r75,,,,,,,,,,,,,,,,,,,,,,,,,,,,,,,,,,,,,,,,,,,,,,,,,,,,,,,,,,,,,,,,,,,,,,,,,,,,,,,,,,,,,,,,,,,,,,,,,
,,,,s155,,,,,,,,,,,,,,,,,,,,,,,,,,,,,,,,,,,,,,,,,,,,,,,,,,,,,,,,,,,,,,,,,,,,,,,,,,,,,,,,,,,,,,,,,,,,,,,,,,,,,,,,,
,,,,,,,,,,,,s156,,,,,,,,,,,,,,,,,,,,,,,,,,,,,,,,,,,,,,,,,,,,,,,,,,,,,,,,,,,,,,,,,,,,,,,,,,,,,,,,,,,,,,,,,,,,,,,,,
,s157,,,,,,,,,,,r112,,,,,,,,,,,,,,,,,,,,,,,,,,,,,,,,,,,,,,,,,,,,,,,,,,,,,,,,,,,,,,,,,,,,,,,,,,,,,,,,,,,,,,,,,,,,,,,,,
,r115,,,,,,,,,,,r115,,,,,,,,,,,,,,,,,,,,,,,,,,,,,,,,,,,,,,,,,,,,,,,,,,,,,,,,,,,,,,,,,,,,,,,,,,,,,,,,,,,,,,,,,,,,,,,,,
r60,,,,,r60,r60,r60,r60,r60,r60,r60,,r60,r60,,,r60,,,,r60,r60,r60,r60,r60,r60,r60,,r60,r60,r60,,,,,,,r60,,,,,,,,r60,,,,r60,r60,r60,r60,,,,,,,,,,,,,,,,,,,,,,,,,,,,,,,,,,,,,,,,,,,,,,,,,,,,,,,,
r59,,,,,r59,r59,s8,s9,s10,s11,r59,,,r59,,,r59,,,,r59,r59,r59,r59,,r59,r59,,r59,r59,r59,,,,,,,r59,,,,,,,,r59,,,,r59,r59,r59,,,,,,159,,,,,160,161,,,,,,,,,,,,,,,,,158,,,,,,,,,,,,,,,,,,,,,,,,,,,,
,,,,,s50,s52,,,,,s47,,,,,,s54,,,,,,,,,,,,,,,,,,,,,s37,,,,,,,,s44,,,,s53,s56,s57,,,,,,,,,,,,,,,,,,,,,,,,,,,,,,,,,,,,,162,35,36,38,,39,,40,,41,42,43,46,45,48,,,49,51,55,
,,,,,s50,s52,,,,,s47,,,,,,s54,,,,,,,,,,,,,,,,,,,,,s37,,,,,,,,s44,,,,s53,s56,s57,,,,,,,,,,,,,,,,,,,,,,,,,,,,,,,,,,,,,163,35,36,38,,39,,40,,41,42,43,46,45,48,,,49,51,55,
,,,,,s166,,,,,,s165,,,,,,,,,,,,,,,,,,,,,,,,,,,,,,,,,,,,,,,,,,,,,,,,,,,,,,,,,,,,,,,,,,,,,,,,,,,,,,,,,,,,,,,,,,164,,,,,,,,
,,,,,s50,s52,,,,,s47,,,,,,s54,,,,,,,,,,,,,,,,,,,,,s37,,,,,,,,s44,,,,s53,s56,s57,,,,,,,,,,,,,,,,,,,,,,,,,,,,,,,,,,,,167,89,35,36,38,,39,,40,,41,42,43,88,45,48,,,49,51,55,
r68,,,,,r68,r68,r68,r68,r68,r68,r68,,r68,r68,,,r68,,,,r68,r68,r68,r68,r68,r68,r68,,r68,r68,r68,,,,,,,r68,,,,,,,,r68,,,,r68,r68,r68,r68,,,,,,,,,,,,,,,,,,,,,,,,,,,,,,,,,,,,,,,,,,,,,,,,,,,,,,,,
s168,,,,,,,,,,,,,,,,,,,,,,,,,,,,,,,,,,,,,,,,,,,,,,,,,,,,,,,,,,,,,,,,,,,,,,,,,,,,,,,,,,,,,,,,,,,,,,,,,,,,,,,,,,,,,
r70,,,,,r70,r70,r70,r70,r70,r70,r70,,r70,r70,,,r70,,,,r70,r70,r70,r70,r70,r70,r70,,r70,r70,r70,,,,,,,r70,,,,,,,,r70,,,,r70,r70,r70,r70,,,,,,,,,,,,,,,,,,,,,,,,,,,,,,,,,,,,,,,,,,,,,,,,,,,,,,,,
,,,,,,,,,,,,,,,r47,,r47,r47,r47,r47,,,,,,,,,,,,,,,,,,,,,,,,,,,,,,,,,,,,,,,,,,,,,,,,,,,,,,,169,,,,,,,,,,,,,,,,,,,,,,,,,,,,,,,,,,
,,,,,,,,,,,,,,,,,,s171,s172,s173,,,,,,,,,,,,,,,,,,,,,,,,,,,,,,,,,,,,,,,,,,,,,,,,,,,,,,,,,,170,,,,,,,,,,,,,,,,,,,,,,,,,,,,,,,
r29,r29,,,,,,,,,,,r29,,,,,,,,,,,,,,,,,,,,,,,,,,,,,,,,,,,,,,,,,,,,,,,,,,,,,,,,,,,,,,,,,,,,,,,,,,,,,,,,,,,,,,,,,,,,,,,,,
r32,r32,,,,,,,,,,,r32,,,,,,,,,,,,,,,,,,,,,,,,,,,,,,,,,,,,,,,,,,,,,,,,,,,,,,,,,,,,,,,,,,,,,,,,,,,,,,,,,,,,,,,,,,,,,,,,,
,r12,,,r12,,,,,,,,,,,,,,,,,,,,,,,,,,,,,,,,s66,,,,,,,,,,,,,,,,,,,,,,,,,,,,,,,,,,,,,,,,,,,,,,,,,,,,,,,,,,,,,,,,,,,,,,,,,
r105,r105,r105,,r105,,,,,,,,r105,,,,,,,,,,,,,,,,r105,,,,r105,r105,r105,r105,r105,r105,,r105,r105,r105,r105,r105,r105,r105,r105,r105,r105,r105,,,,,,,,,,,,,,,,,,,,,,,,,,,,,,,,,,,,,,,,,,,,,,,,,,,,,,,,,,,,
r71,r71,,,r71,,,,,,,,r71,,,,,,,,,,,,,,,,,,,,,,,,,,,,,,,,,,,,,,,,,,,,,,,,,,,,,,,,,,,,,,,,,,,,,,,,,,,,,,,,,,,,,,,,,,,,,,,,,
r72,r72,,,r72,,,,,,,,r72,,,,,,,,,,,,,,,,,,,,,,,,,,,,,,,,,,,,,,,,,,,,,,,,,,,,,,,,,,,,,,,,,,,,,,,,,,,,,,,,,,,,,,,,,,,,,,,,,
r73,r73,,,r73,,,,,,,,r73,,,,,,,,,,,,,,,,,,,,,,,,,,,,,,,,,,,,,,,,,,,,,,,,,,,,,,,,,,,,,,,,,,,,,,,,,,,,,,,,,,,,,,,,,,,,,,,,,
r107,r107,r107,,r107,,,,,,,,r107,,,,,,,,,,,,,,,,r107,,,,r107,r107,r107,r107,r107,r107,,r107,r107,r107,r107,r107,r107,r107,r107,r107,r107,r107,,,,,,,,,,,,,,,,,,,,,,,,,,,,,,,,,,,,,,,,,,,,,,,,,,,,,,,,,,,,
r111,r111,,,r111,,,,,,,,r111,,,,,,,,,,,,,,,,,,,,,,,,r111,r111,,r111,r111,r111,r111,r111,r111,r111,r111,r111,r111,r111,,,,,,,,,,,,,,,,,,,,,,,,,,,,,,,,,,,,,,,,,,,,,,,,,,,,,,,,,,,,
,,,,,s50,s52,,,,,s47,,,,,,s54,,,,,,,,,,,,,,,,,,,,,s37,,,,,,,,s44,,,,s53,s56,s57,,,,,,,,,,,,,,,,,,,,,,,,,,,,,,,,,,,,174,89,35,36,38,,39,,40,,41,42,43,88,45,48,,,49,51,55,
s102,,,,,s50,s52,,,,,s47,,,s112,,,s54,,,,s113,s103,s175,s104,,s105,s106,,s107,s108,s109,,,,,,,s37,,,,,,,,s44,,,,s53,s56,s57,,,,,,,,,,,,,,,,,,,176,99,100,110,,,111,,94,,,93,95,,96,97,98,101,89,35,36,38,,39,,40,,41,42,43,88,45,48,,,49,51,55,
r56,,,,,r56,r56,r56,r56,r56,r56,r56,,r56,r56,,,r56,,,,r56,r56,r56,r56,r56,r56,r56,,r56,r56,r56,,,,,,,r56,,,,,,,,r56,,,,r56,r56,r56,r56,,,,,,,,,,,,,,,,,,,,,,,,,,,,,,,,,,,,,,,,,,,,,,,,,,,,,,,,
,,,,,s30,,,,,,,,,,,,,,,,,,,,,,,,,,,,,,,,,,,,,,,,,,,,,,,,,,,,,,177,15,,16,,,,,,,,,,,,,,,,,,,,,,,,,,,,,,,,,,,,,,,,,,,,,,,
,,,,,r16,,,,,,,,,,,,,,,,,,,,,,,,,,,,,,,,,,,,,,,,,,,,,,,,,,,,,,,,,,,,,,,,,,,,,,,,,,,,,,,,,,,,,,,,,,,,,,,,,,,,,,,,
,,,,,,,,,,,,s178,,,,,,,,,,,,,,,,,,,,,,,,s66,,,,,,,,,,,,,,,,,,,,,,,,,,,,,,,,,,,,,,,,,,,,,,,,,,,,,,,,,,,,,,,,,,,,,,,,,
,,,,,,,,,,,,s179,,,,,,,,,,,,,,,,,,,,,,,,s66,,,,,,,,,,,,,,,,,,,,,,,,,,,,,,,,,,,,,,,,,,,,,,,,,,,,,,,,,,,,,,,,,,,,,,,,,
,,,,,,,,,,,,,,,,,,,,,,,,,,,,s180,,,,,,,,,,,,,,,,,,,,,,,,,,,,,,,,,,,,,,,,,,,,,,,,,,,,,,,,,,,,,,,,,,,,,,,,,,,,,,,,,
,,,,,,,s8,s9,s10,s11,,,,,,,,,,,,,,,,,,,,,,,,,,,,,,,,,,,,,,,,,,,,,,,,,,,,,,87,,,,,,,,,,,,,,,,,,,,,,,,,,,,,,,,,,,,,,,,,,,,,
r106,r106,r106,s90,r106,,,,,,,,r106,,,,,,,,,,,,,,,,r106,,,,r106,r106,r106,r106,r106,r106,,r106,r106,r106,r106,r106,r106,r106,r106,r106,r106,r106,,,,,,,,,,,,,,,,,,,,,,,,,,,,,,,,,,,,,,,,,,,,,,,,,,,,,,,,,,,,
s181,,,,,,,,,,,,,,,,,,,,,,,,,,,,,,,,,,,,,,,,,,,,,,,,,,,,,,,,,,,,,,,,,,,,,,,,,,,,,,,,,,,,,,,,,,,,,,,,,,,,,,,,,,,,,
r69,,,,,r69,r69,r69,r69,r69,r69,r69,,r69,r69,,,r69,,,,r69,r69,r69,r69,r69,r69,r69,,r69,r69,r69,,,,,,,r69,,,,,,,,r69,,,,r69,r69,r69,r69,,,,,,,,,,,,,,,,,,,,,,,,,,,,,,,,,,,,,,,,,,,,,,,,,,,,,,,,
,,,,,,,,,,,,,,,s182,,s183,s185,s186,s187,,,,,,,,,,,,,,,,,,,,,,,,,,,,,,,,,,,,,,,,,,,,,,,,,,,,,,,,184,,,,,,,,,,,,,,,,,,,,,,,,,,,,,,,,,
,,,,,,,,,,,,,,,s188,,,,,,,,,,,,,,,,,,,,,,,,,,,,,,,,,,,,,,,,,,,,,,,,,,,,,,,,,,,,,,,,,,,,,,,,,,,,,,,,,,,,,,,,,,,,,,
,,,,,,,,,,,,,,,r52,,,,,,,,,,,,,,,,,,,,,,,,,,,,,,,,,,,,,,,,,,,,,,,,,,,,,,,,,,,,,,,,,,,,,,,,,,,,,,,,,,,,,,,,,,,,,,
,,,,,,,,,,,,,,,r53,,,,,,,,,,,,,,,,,,,,,,,,,,,,,,,,,,,,,,,,,,,,,,,,,,,,,,,,,,,,,,,,,,,,,,,,,,,,,,,,,,,,,,,,,,,,,,
,,,,,,,,,,,,,,,r54,,,,,,,,,,,,,,,,,,,,,,,,,,,,,,,,,,,,,,,,,,,,,,,,,,,,,,,,,,,,,,,,,,,,,,,,,,,,,,,,,,,,,,,,,,,,,,
,r114,,,,,,,,,,,r114,,,,,,,,,,,,,,,,,,,,,,,,,,,,,,,,,,,,,,,,,,,,,,,,,,,,,,,,,,,,,,,,,,,,,,,,,,,,,,,,,,,,,,,,,,,,,,,,,
r55,,,,,r55,r55,r55,r55,r55,r55,r55,,r55,r55,,,r55,,,,r55,r55,r55,r55,r55,r55,r55,,r55,r55,r55,,,,,,,r55,,,,,,,,r55,,,,r55,r55,r55,r55,,,,,,,,,,,,,,,,,,,,,,,,,,,,,,,,,,,,,,,,,,,,,,,,,,,,,,,,
r58,,,,,r58,r58,,,,,r58,,,r58,,,r58,,,,r58,r58,r58,r58,,r58,r58,,r58,r58,r58,,,,,,,r58,,,,,,,,r58,,,,r58,r58,r58,,,,,,,,,,,,,,,,,,,,,,,,,,,,,,,,,,,,,,,,,,,,,,,,,,,,,,,,,
s189,s20,,,,,,,,,,,,,,,,,,,,,,,,,,,,,,,,,,,,,,,,,,,,,,,,,,,,,,,,,,,,,,,,,,,,,,,,,,,,,,,,,,,,,,,,,,,,,,,,,,,,,,,,,,,,
s102,,,,,s50,s52,,,,,s47,,,s112,,,s54,,,,s113,s103,,s104,,s105,s106,,s107,s108,s109,,,,,,,s37,,,,,,,,s44,,,,s53,s56,s57,,,,,,,,,,,,,,,,,,,190,99,100,110,,,111,,94,,,93,95,,96,97,98,101,89,35,36,38,,39,,40,,41,42,43,88,45,48,,,49,51,55,
s102,,,,,s50,s52,,,,,s47,,,s112,,,s54,,,,s113,s103,,s104,,s105,s106,,s107,s108,s109,,,,,,,s37,,,,,,,,s44,,,,s53,s56,s57,,,,,,,,,,,,,,,,,,,191,99,100,110,,,111,,94,,,93,95,,96,97,98,101,89,35,36,38,,39,,40,,41,42,43,88,45,48,,,49,51,55,
,,,,,s50,s52,,,,,s47,,,,,,s54,,,,,,,,,,,,,,,,,,,,,s37,,,,,,,,s44,,,,s53,s56,s57,,,,,,,,,,,,,,,,,,,,,,,,,,,,,,,,,,,,,192,35,36,38,,39,,40,,41,42,43,46,45,48,,,49,51,55,
,,,,,s50,s52,,,,,s47,,,,,,s54,,,,,,,,,,,,,,,,,,,,,s37,,,,,,,,s44,,,,s53,s56,s57,,,,,,,,,,,,,,,,,,,,,,,,,,,,,,,,,,,,,193,35,36,38,,39,,40,,41,42,43,46,45,48,,,49,51,55,
,s195,,,,,,,,,,,,,,,s194,,,,,,,,,,,,,,,,,,,,,,,,,,,,,,,,,,,,,,,,,,,,,,,,,,,,,,,,,,,,,,,,,,,,,,,,,,,,,,,,,,,,,,,,,,,,,
,,,,,,,,,,,,,,,r45,,r45,r45,r45,r45,,,,,,,,,,,,,,,,,,,,,,,,,,,,,,,,,,,,,,,,,,,,,,,,,,,,,,,,,,,,,,,,,,,,,,,,,,,,,,,,,,,,,,,,,
,,,,,,,,,,,,,,,r46,,r46,r46,r46,r46,,,,,,,,,,,,,,,,,,,,,,,,,,,,,,,,,,,,,,,,,,,,,,,,,,,,,,,,,,,,,,,,,,,,,,,,,,,,,,,,,,,,,,,,,
,,,,,,,,,,,,,,,r48,,r48,r48,r48,r48,,,,,,,,,,,,,,,,,,,,,,,,,,,,,,,,,,,,,,,,,,,,,,,,,,,,,,,,,,,,,,,,,,,,,,,,,,,,,,,,,,,,,,,,,
,,,,,,,,,,,,,,,r49,,r49,r49,r49,r49,,,,,,,,,,,,,,,,,,,,,,,,,,,,,,,,,,,,,,,,,,,,,,,,,,,,,,,,,,,,,,,,,,,,,,,,,,,,,,,,,,,,,,,,,
,,,,,,,,,,,,,,,r50,,r50,r50,r50,r50,,,,,,,,,,,,,,,,,,,,,,,,,,,,,,,,,,,,,,,,,,,,,,,,,,,,,,,,,,,,,,,,,,,,,,,,,,,,,,,,,,,,,,,,,
,s196,,,,,,,,,,,,,,,,,,,,,,,,,,,,,,,,,,,,,,,,,,,,,,,,,,,,,,,,,,,,,,,,,,,,,,,,,,,,,,,,,,,,,,,,,,,,,,,,,,,,,,,,,,,,
r6,,,,,r6,r6,r6,r6,r6,r6,r6,,r6,r6,,,r6,,,,r6,r6,r6,r6,r6,r6,r6,,r6,r6,r6,,,,,,,r6,,,,,,,,r6,,,,r6,r6,r6,r6,,,,,,,,,,,,,,,,,,,,,,,,,,,,,,,,,,,,,,,,,,,,,,,,,,,,,,,,
,,,,,,,,,,,,,,,,,,,,,,,,,s198,,,,,,,,,,,,,,,,,,,,,,,,,,,,,,,,,,,,,,,,,,,,,,,,,,,,,,,,,,,197,,,,,,,,,,,,,,,,,,,,,,,,,
r64,,,,,r64,r64,r64,r64,r64,r64,r64,,r64,r64,,,r64,,,,r64,r64,r64,r64,r64,r64,r64,,r64,r64,r64,,,,,,,r64,,,,,,,,r64,,,,r64,r64,r64,r64,,,,,,,,,,,,,,,,,,,,,,,,,,,,,,,,,,,,,,,,,,,,,,,,,,,,,,,,
,,,,,,,,,,,,s199,,,,,,,,,,,,,,,,,,,,,,,,s66,,,,,,,,,,,,,,,,,,,,,,,,,,,,,,,,,,,,,,,,,,,,,,,,,,,,,,,,,,,,,,,,,,,,,,,,,
s201,,,,,,,,,,,,s200,,,,,,,,,,,,,,,,,,,,,,,,s66,,,,,,,,,,,,,,,,,,,,,,,,,,,,,,,,,,,,,,,,,,,,,,,,,,,,,,,,,,,,,,,,,,,,,,,,,
s202,,,,,,,,,,,,,,,,,,,,,,,,,,,,,,,,,,,,,,,,,,,,,,,,,,,,,,,,,,,,,,,,,,,,,,,,,,,,,,,,,,,,,,,,,,,,,,,,,,,,,,,,,,,,,
,,,,,s30,,,,,,,,,,,,,,,,,,,,,,,,,,,,,,,,,,,,,,,,,,,,,,,,,,,,,,203,15,,16,,,,,,,,,,,,,,,,,,,,,,,,,,,,,,,,,,,,,,,,,,,,,,,
,,,,,s30,,,,,,,,,,,,,,,,,,,,,,,,,,,,,,,,,,,,,,,,,,,,,,,,,,,,,,,,,204,,,,,,,,,,,,,,,,,,,,,,,,,,,,,,,,,,,,,,,,,,,,,,,
r62,,,,,r62,r62,r62,r62,r62,r62,r62,,r62,r62,,,r62,,,,r62,r62,r62,r62,r62,r62,r62,,r62,r62,r62,,,,,,,r62,,,,,,,,r62,,,,r62,r62,r62,r62,,,,,,,,,,,,,,,,,,,,,,,,,,,,,,,,,,,,,,,,,,,,,,,,,,,,,,,,
s102,,,,,s50,s52,,,,,s47,,,s112,,,s54,,,,s113,s103,,s104,,s105,s106,,s107,s108,s109,,,,,,,s37,,,,,,,,s44,,,,s53,s56,s57,,,,,,,,,,,,,,,,,,,205,99,100,110,,,111,,94,,,93,95,,96,97,98,101,89,35,36,38,,39,,40,,41,42,43,88,45,48,,,49,51,55,
s102,,,,,s50,s52,,,,,s47,,,s112,,,s54,,,,s113,s103,,s104,,s105,s106,,s107,s108,s109,,,,,,,s37,,,,,,,,s44,,,,s53,s56,s57,,,,,,,,,,,,,,,,,,,206,99,100,110,,,111,,94,,,93,95,,96,97,98,101,89,35,36,38,,39,,40,,41,42,43,88,45,48,,,49,51,55,
s102,,,,,s50,s52,,,,,s47,,,s112,,,s54,,,,s113,s103,,s104,,s105,s106,,s107,s108,s109,,,,,,,s37,,,,,,,,s44,,,,s53,s56,s57,,,,,,,,,,,,,,,,,,,207,99,100,110,,,111,,94,,,93,95,,96,97,98,101,89,35,36,38,,39,,40,,41,42,43,88,45,48,,,49,51,55,
,,,,,s50,s52,,,,,s47,,,,,,s54,,,,,,,,,,,,,,,,,,,,,s37,,,,,,,,s44,,,,s53,s56,s57,,,,,,,,,,,,,,,,,,,,,,,,,,,,,,,,,,,,208,89,35,36,38,,39,,40,,41,42,43,88,45,48,,,49,51,55,
r43,,,,,r43,r43,r43,r43,r43,r43,r43,,r43,r43,,,r43,,,,r43,r43,r43,r43,r43,r43,r43,,r43,r43,r43,,,,,,,r43,,,,,,,,r43,,,,r43,r43,r43,r43,,,,,,,,,,,,,,,,,,,,,,,,,,,,,,,,,,,,,,,,,,,,,,,,,,,,,,,,
s209,s20,,,,,,,,,,,,,,,,,,,,,,,,,,,,,,,,,,,,,,,,,,,,,,,,,,,,,,,,,,,,,,,,,,,,,,,,,,,,,,,,,,,,,,,,,,,,,,,,,,,,,,,,,,,,
s210,,,,,,,,,,,,,,,,,,,,,,,,,,,,,,,,,,,,,,,,,,,,,,,,,,,,,,,,,,,,,,,,,,,,,,,,,,,,,,,,,,,,,,,,,,,,,,,,,,,,,,,,,,,,,
r63,,,,,r63,r63,r63,r63,r63,r63,r63,,r63,r63,,,r63,,,,r63,r63,r63,r63,r63,r63,r63,,r63,r63,r63,,,,,,,r63,,,,,,,,r63,,,,r63,r63,r63,r63,,,,,,,,,,,,,,,,,,,,,,,,,,,,,,,,,,,,,,,,,,,,,,,,,,,,,,,,
r65,,,,,r65,r65,r65,r65,r65,r65,r65,,r65,r65,,,r65,,,,r65,r65,r65,r65,r65,r65,r65,,r65,r65,r65,,,,,,,r65,,,,,,,,r65,,,,r65,r65,r65,r65,,,,,,,,,,,,,,,,,,,,,,,,,,,,,,,,,,,,,,,,,,,,,,,,,,,,,,,,
r66,,,,,r66,r66,r66,r66,r66,r66,r66,,r66,r66,,,r66,,,,r66,r66,r66,r66,r66,r66,r66,,r66,r66,r66,,,,,,,r66,,,,,,,,r66,,,,r66,r66,r66,r66,,,,,,,,,,,,,,,,,,,,,,,,,,,,,,,,,,,,,,,,,,,,,,,,,,,,,,,,
,,,,,,,,,,,,s211,,,,,,,,,,,,,,,,,,,,,,,,,,,,,,,,,,,,,,,,,,,,,,,,,,,,,,,,,,,,,,,,,,,,,,,,,,,,,,,,,,,,,,,,,,,,,,,,,
r44,,,,,r44,r44,r44,r44,r44,r44,r44,,r44,r44,,,r44,,,,r44,r44,r44,r44,r44,r44,r44,,r44,r44,r44,,,,,,,r44,,,,,,,,r44,,,,r44,r44,r44,r44,,,,,,,,,,,,,,,,,,,,,,,,,,,,,,,,,,,,,,,,,,,,,,,,,,,,,,,,
r51,,,,,r51,r51,r51,r51,r51,r51,r51,,r51,r51,,,r51,,,,r51,r51,r51,r51,r51,r51,r51,,r51,r51,r51,,,,,,,r51,,,,,,,,r51,,,,r51,r51,r51,r51,,,,,,,,,,,,,,,,,,,,,,,,,,,,,,,,,,,,,,,,,,,,,,,,,,,,,,,,
s102,,,,,s50,s52,,,,,s47,,,s112,,,s54,,,,s113,s103,,s104,,s105,s106,,s107,s108,s109,,,,,,,s37,,,,,,,,s44,,,,s53,s56,s57,,,,,,,,,,,,,,,,,,,212,99,100,110,,,111,,94,,,93,95,,96,97,98,101,89,35,36,38,,39,,40,,41,42,43,88,45,48,,,49,51,55,
r67,,,,,r67,r67,r67,r67,r67,r67,r67,,r67,r67,,,r67,,,,r67,r67,r67,r67,r67,r67,r67,,r67,r67,r67,,,,,,,r67,,,,,,,,r67,,,,r67,r67,r67,r67,,,,,,,,,,,,,,,,,,,,,,,,,,,,,,,,,,,,,,,,,,,,,,,,,,,,,,,,
